21	8	neither	0.6681780271834307
68	15	neither	0.2608701105156275
5	3	cluster	0.7441744196602819
20	7	both	0.6829953446862547
16	10	cluster	0.6519967416571891
19	16	both	0.6025348005114022
34	7	cluster	0.6392769785953332
26	5	neither	0.699518499436296
28	13	neither	0.573583206536946
46	17	both	0.46617751527760476
45	15	both	0.5060865639823863
36	15	neither	0.4720187188651387
24	10	neither	0.6235398857139888
1	10	cluster	0.7359111172604547
19	7	both	0.6869456855643674
21	4	neither	0.7141064507419268
64	7	both	0.6134167250584818
17	5	both	0.710028253751392
47	9	cluster	0.5492721079727286
48	9	cluster	0.5395308269872059
25	3	both	0.7189383133183723
5	13	cluster	0.6967529346056546
0	8	both	0.7272148760475547
10	6	both	0.7073540963387499
27	17	neither	0.5130770033539621
21	16	both	0.592885112698574
3	8	neither	0.7205086080175503
60	15	cluster	0.2902623512963376
5	6	cluster	0.7357077583670589
52	14	both	0.4941277806008517
24	6	cluster	0.6844211925612427
6	10	cluster	0.708742368273664
55	11	cluster	0.4534934981585353
36	14	cluster	0.5031661397254832
45	8	neither	0.5882753105941082
64	12	both	0.47892601115768463
49	7	both	0.6450885316981338
47	11	cluster	0.4868342749638301
55	2	cluster	0.7097117636920129
10	14	cluster	0.6373286659079511
12	8	both	0.6882365737940365
30	6	cluster	0.6679984573943675
34	13	neither	0.5335315794631734
13	10	both	0.6711995652898304
51	13	both	0.5109123559878047
9	9	neither	0.6946930495920471
24	18	neither	0.5197280035301086
21	15	cluster	0.5723245039190065
35	16	neither	0.4828140962547132
41	6	neither	0.6428487791693466
17	6	both	0.6964335932880089
34	13	both	0.5711534460238014
0	16	neither	0.7272148760475547
53	5	both	0.6891713155966795
20	2	both	0.7360582060313686
55	16	neither	0.34107729069985127
12	12	neither	0.6574159417322054
34	15	cluster	0.5020529676956502
66	15	cluster	0.2632224495228789
43	8	both	0.6342119433002676
53	14	neither	0.3964096544962449
33	6	neither	0.6642749201940618
21	9	both	0.6679701319766492
16	6	both	0.6938351909128588
30	11	cluster	0.5797337337909613
22	6	cluster	0.688156323015712
62	7	cluster	0.5380489617449692
42	9	neither	0.579224454896306
16	19	neither	0.5704465474944014
42	17	both	0.4874121752312908
33	13	cluster	0.5258069743491085
22	10	cluster	0.6239445021675062
57	4	neither	0.6463563258411049
30	15	neither	0.5284640145339699
34	4	cluster	0.6869488413098956
15	18	cluster	0.5791974063147737
39	17	both	0.5036740123249784
2	15	neither	0.711388813247651
44	10	neither	0.5436087364551366
69	14	both	0.40954079664682835
62	17	both	0.3701594813609977
22	8	neither	0.6594600578427545
43	9	cluster	0.5636501132043836
26	10	both	0.6401256618450625
61	2	neither	0.7019684548473323
1	5	cluster	0.7385636327405577
30	14	both	0.5769354357504841
27	6	both	0.6899570077414631
37	17	neither	0.44682306725274484
35	7	neither	0.6425024996457452
53	17	cluster	0.2997499468106791
30	12	neither	0.5821701000447573
36	15	cluster	0.4830684401142223
27	11	cluster	0.5906694988449486
47	2	neither	0.7211716769852278
34	17	cluster	0.45653115470838923
55	13	both	0.5056631536938625
65	10	both	0.5248536895168784
27	16	cluster	0.5163440305862261
22	15	cluster	0.5781353495272109
1	13	both	0.7357089797051801
64	11	both	0.5018260300601126
5	6	neither	0.7284122128860364
1	3	both	0.7335831429492868
56	8	cluster	0.5338657123699526
58	18	neither	0.2651689025003635
15	11	both	0.6563657729217134
12	7	cluster	0.7018861765052998
49	9	cluster	0.523130958032438
18	3	both	0.7166600834482947
59	19	both	0.397374876357409
40	18	neither	0.4135591050934481
14	12	both	0.6522793832367649
10	15	both	0.6314392841395849
4	13	neither	0.6940701985428149
3	5	both	0.7362855263785076
51	19	cluster	0.28576463039968536
59	5	neither	0.6245244748229029
16	10	cluster	0.6528765436435967
50	18	cluster	0.3131531731620441
42	18	neither	0.396866674431493
51	17	cluster	0.31623889088213825
37	14	neither	0.49636910830976955
32	12	neither	0.5652103094879141
28	14	cluster	0.5428624048334258
0	16	both	0.7272148760475547
33	16	both	0.5409746636899041
2	8	neither	0.7234719140495195
20	7	neither	0.6866878854554376
57	4	both	0.6906991724336383
25	18	cluster	0.50833934245055
0	17	cluster	0.7272148760475547
50	19	neither	0.31363795921225085
55	7	both	0.6347445164065807
49	11	cluster	0.48116190362364947
24	5	cluster	0.7033811645935961
4	5	both	0.7317329309775872
31	8	neither	0.6404172704117432
8	17	neither	0.6331254564856467
17	16	cluster	0.5879907891751829
65	4	neither	0.6290231269126997
13	19	both	0.593005967640373
45	3	both	0.7188750251253163
10	14	both	0.6554720923969267
66	7	neither	0.5406633716866945
66	2	cluster	0.6953246612301351
45	11	cluster	0.5002343091130667
9	17	both	0.6315144266632934
12	8	cluster	0.6955478047100805
58	17	neither	0.28354684979746736
65	7	neither	0.5496990102138034
59	2	both	0.7341887894500093
47	19	cluster	0.3271499044503262
6	8	cluster	0.7149389005409617
2	19	both	0.7180449335082161
57	5	both	0.6781614545453019
22	6	both	0.6939444331554616
24	14	both	0.5987225234564606
52	3	both	0.7175124279902253
56	18	both	0.39521413845171055
56	17	neither	0.3017562465037534
33	3	both	0.7255549633462337
2	3	neither	0.7396475217090466
52	7	both	0.6375532698087384
46	17	neither	0.3839203302427636
45	19	neither	0.36080614828470214
0	14	neither	0.7272148760475547
53	9	cluster	0.5172232520509962
57	14	both	0.47974365961324883
21	3	both	0.717069399566663
4	7	both	0.7280607859975337
42	14	both	0.5252861608781739
35	9	both	0.6366593617876762
47	8	neither	0.5775199860337299
27	14	both	0.575031310469454
5	3	neither	0.7434480804463769
55	5	both	0.6829574890153668
58	3	cluster	0.6671183613283428
24	12	neither	0.6020882588128649
47	15	both	0.5016442240030202
29	19	both	0.5206995513195781
65	18	cluster	0.19495632785754102
27	8	cluster	0.631749750529118
45	16	cluster	0.39863385289270553
50	13	cluster	0.42473347865153604
14	7	both	0.6930290230879989
36	3	neither	0.7092560523839931
64	5	cluster	0.6102946073866498
44	17	cluster	0.3834961977715504
56	3	cluster	0.6693225264265716
39	7	neither	0.6260639313119974
59	4	cluster	0.6329219483572074
65	12	both	0.47850641585282283
37	17	both	0.5100247667508542
64	10	neither	0.45159775035966737
9	12	neither	0.6707440208746744
23	11	both	0.6348068622851072
2	19	cluster	0.7066796355689464
57	16	neither	0.3210454808557743
63	18	neither	0.22563058425001742
25	4	cluster	0.7061841363832546
36	13	cluster	0.5256058145018405
28	16	cluster	0.5304587241580346
67	15	both	0.40970200989935407
30	18	cluster	0.47265522431384255
41	4	both	0.7074718143562508
29	13	both	0.5964821391691008
67	7	neither	0.5423670543526851
59	4	neither	0.6418198186789026
17	11	cluster	0.639798897352567
7	4	both	0.7323356288779462
28	17	neither	0.5083990284901448
37	2	both	0.7397074445750517
26	16	neither	0.5445745217748355
56	16	neither	0.3284582624197065
63	11	cluster	0.40076614066013105
23	12	cluster	0.5923670600962095
60	5	cluster	0.6214993070510167
7	3	cluster	0.7398303238249265
36	9	neither	0.5966402221437042
8	18	cluster	0.6392639143121747
29	12	neither	0.5761370081348354
50	17	neither	0.34951302527162575
59	12	neither	0.41414876557303676
33	3	neither	0.7125664074267457
41	15	neither	0.4507428102962514
17	13	both	0.6293252419978869
15	15	neither	0.6020189109500859
5	9	neither	0.7114302942643757
4	18	neither	0.675025929796382
21	18	both	0.5645179675352352
14	6	both	0.6963353620736566
67	13	neither	0.3293666368848699
44	12	both	0.5552631554303141
32	7	cluster	0.6450721376470293
18	5	both	0.7091989648508888
32	8	both	0.6596458165412008
1	2	both	0.7295069870085505
9	3	cluster	0.7336244610942698
21	6	neither	0.6892912465432118
12	8	neither	0.6963242049878754
45	14	both	0.5193453123938487
7	10	both	0.6910441610373473
51	8	both	0.6151158753495097
0	5	both	0.7272148760475547
69	16	neither	0.24939147316734397
36	2	both	0.7387491632344447
18	4	cluster	0.7148622285717536
53	12	neither	0.453242532734031
9	8	cluster	0.7030797038624736
22	2	neither	0.7360833508286768
4	6	cluster	0.7351901963802145
69	6	cluster	0.5588744421716249
40	10	both	0.6038782738520192
50	8	cluster	0.5556868974120611
31	10	both	0.6286981379456639
24	2	cluster	0.7394931175838659
13	14	both	0.6352631599129437
25	19	cluster	0.5139807057767584
22	17	cluster	0.5543626368916383
17	6	neither	0.6975899592144169
20	6	neither	0.6923550122637874
9	15	cluster	0.647554084412681
8	9	both	0.6992449438915721
47	4	neither	0.6698496242424421
41	12	both	0.5757429285906601
29	6	both	0.6899538327921497
37	9	both	0.6281297521309455
13	9	cluster	0.6812608957621196
7	18	neither	0.6397563127794232
2	2	both	0.7341908210109744
60	4	cluster	0.6313740274180863
42	18	both	0.4754521967029462
34	3	cluster	0.7081940861240438
12	12	both	0.655057241747268
67	18	neither	0.20461113498295772
40	19	cluster	0.3855123929241155
18	7	neither	0.6855454370697764
59	11	both	0.5235355136814649
53	18	both	0.414002649547436
67	16	both	0.40490885977957924
30	3	neither	0.7176921774349055
15	8	both	0.6827474730760799
26	19	cluster	0.49170710637325943
68	5	neither	0.5911248308426016
48	4	cluster	0.6612080826539788
42	18	cluster	0.38119924042707687
4	18	cluster	0.6734904151280053
11	4	cluster	0.7238008905976264
48	16	both	0.47256360371733896
33	9	cluster	0.601077018850255
54	2	neither	0.7100701395219187
16	13	cluster	0.622884871309035
16	2	both	0.7353439754348433
62	10	neither	0.4644996944399531
38	16	both	0.5203888262913808
67	11	both	0.5027416232807542
31	19	both	0.5204588152181365
0	9	both	0.7272148760475547
38	10	cluster	0.5666231828326217
12	11	cluster	0.6575877551172439
11	8	neither	0.6974941714683859
7	7	both	0.7142280393813939
44	3	neither	0.6976720018372037
37	15	cluster	0.47494825535655727
69	5	cluster	0.5917562677165539
21	4	cluster	0.7098253216488243
42	6	neither	0.6403464107461513
46	8	cluster	0.5730354542342333
25	10	both	0.6432245806115136
49	17	neither	0.35426557477514026
27	12	both	0.6140317079390892
2	8	both	0.7317831319310991
50	16	both	0.45913107686769644
14	9	neither	0.6731598711724827
38	6	both	0.6821630648334579
46	5	neither	0.6582488643810711
30	13	neither	0.5550597190090886
6	18	both	0.6565470283167363
47	5	cluster	0.6507940654600349
5	18	cluster	0.6733663581212305
39	2	cluster	0.7303407631433065
44	13	cluster	0.47682619385923025
32	11	both	0.6126450034771648
4	19	both	0.6783296764668808
40	12	neither	0.5228778959057128
35	18	neither	0.44333438251419705
42	15	cluster	0.4345306773627247
10	6	both	0.7080128640231204
7	2	both	0.738241403959865
51	18	both	0.42484825489645534
24	5	both	0.7055905931950919
56	11	neither	0.4706130467278736
18	15	neither	0.5939578640197336
30	15	cluster	0.5219050012396229
51	14	both	0.490459344988677
69	19	neither	0.15138659257177148
3	7	both	0.7294371614303705
18	17	both	0.5921853610844448
44	15	both	0.5007076959798061
35	17	neither	0.4622904483181896
37	3	cluster	0.7028924379470236
41	17	cluster	0.4126113889032349
50	13	both	0.525645586187326
27	8	neither	0.6496999236769802
11	13	both	0.6574441070786463
0	3	cluster	0.7272148760475547
0	12	cluster	0.7272148760475547
67	2	neither	0.6933780157005136
22	3	both	0.7172781859058625
6	12	both	0.6885883449616735
41	17	both	0.48905994753968624
52	6	cluster	0.6073966723431532
0	18	both	0.7272148760475547
18	16	cluster	0.579540071255277
58	13	cluster	0.382525603854576
53	10	neither	0.4987317616436745
36	9	cluster	0.5864402910004237
42	3	both	0.7226628834573295
27	3	neither	0.7204883963199272
65	5	cluster	0.6039995417241026
68	15	neither	0.2603165798255251
45	6	neither	0.6305107928385375
47	18	cluster	0.34909340468329836
8	2	both	0.7372542075982033
53	16	both	0.4431923829574311
57	12	neither	0.4319702983614139
63	9	neither	0.49324873647061496
9	5	both	0.7206675423559863
13	2	both	0.735129226910306
51	11	both	0.555174566051302
12	6	neither	0.7081820633559612
67	4	neither	0.6237359199882019
28	10	cluster	0.6100641470766374
23	6	neither	0.6891674877431013
52	8	cluster	0.5509962911781051
13	5	both	0.7124188279908393
11	15	both	0.6302704913649373
28	5	cluster	0.6931983995913119
41	2	neither	0.7275489001695153
66	4	neither	0.6263178313368972
56	7	cluster	0.562966595076827
44	5	both	0.6931101575178474
22	11	neither	0.6255969661503403
52	9	both	0.5912877604120096
1	16	both	0.7328847840204833
0	2	both	0.7272148760475547
40	5	neither	0.6752021784296308
18	4	neither	0.7177955432616522
24	12	both	0.6205420725665294
26	4	cluster	0.7053363884633591
33	9	neither	0.6125240125881299
8	17	both	0.6348676638109279
21	6	both	0.6969088493563591
68	12	neither	0.37342093644884616
62	13	cluster	0.34579319186044105
47	5	both	0.6887003245819567
66	16	both	0.40830253463426996
65	14	neither	0.32340321172293346
8	2	cluster	0.7445512579171124
46	6	cluster	0.6201903753250771
41	11	both	0.5890945659269293
48	16	neither	0.39199261549103603
44	8	both	0.6342027995788987
62	3	neither	0.6658664428786406
31	10	cluster	0.5968136535575775
44	14	both	0.5192037830953581
69	17	cluster	0.19469890878500093
18	8	neither	0.6719944074828951
42	3	cluster	0.6957699032092863
27	10	both	0.6375960958198574
34	18	both	0.507909687256818
46	6	neither	0.6245615590295415
17	18	neither	0.5709104237458191
38	15	both	0.5285393155979756
28	12	both	0.6067149364620471
45	4	both	0.7031007279282315
68	4	cluster	0.6178066668616136
67	2	both	0.7288820265012984
18	14	both	0.6201049837817745
57	6	cluster	0.5896059017603079
69	4	neither	0.620936326604988
51	4	neither	0.6601811707350781
43	5	both	0.6956264252094654
42	19	neither	0.36528200254455767
66	3	neither	0.658825080882152
19	15	cluster	0.577739169710025
42	15	neither	0.44800191048251936
2	11	both	0.7270710199069512
1	8	cluster	0.7374245689319988
41	16	cluster	0.43192577319940845
57	5	neither	0.6239545509148575
19	15	both	0.6044413240239815
55	16	cluster	0.31922923195227065
15	3	neither	0.7286718375718289
37	16	cluster	0.4604731465780979
44	16	neither	0.42210258932002037
27	16	neither	0.5282278722244024
11	13	neither	0.6478859172400113
26	3	both	0.7203664829399674
16	8	neither	0.6803879559236723
58	6	cluster	0.589326736469636
10	8	cluster	0.6981243383971414
19	9	both	0.6674158508532761
64	19	both	0.34592723320026114
31	15	both	0.5616377984530951
50	11	both	0.5609767414573662
43	16	both	0.503904797951485
5	10	neither	0.7091540587886422
40	18	cluster	0.40313500285801507
59	2	cluster	0.7045953852450554
23	9	both	0.6535585128046826
19	12	neither	0.612079862099822
27	16	both	0.5643786555679198
29	8	cluster	0.6310923498468668
25	9	both	0.6607868726449917
43	12	both	0.5616269316091366
37	16	neither	0.454979934656488
2	11	cluster	0.7260558985846842
4	4	both	0.7316401487442707
39	14	neither	0.4901578933270453
21	18	cluster	0.5419405322741975
61	7	cluster	0.5486545807358553
24	9	cluster	0.6316791383538983
42	11	both	0.584495009014204
57	3	cluster	0.6676044472128987
40	4	neither	0.6859326957542973
60	8	cluster	0.5143800457398774
34	9	neither	0.6065919393092007
15	6	both	0.6982919050753358
14	7	cluster	0.6934886263167541
53	7	cluster	0.5658211917764401
12	11	neither	0.6623895899767105
0	11	both	0.7272148760475547
34	5	both	0.704426554293616
60	15	both	0.4326701576326687
56	2	neither	0.7071208123967716
6	2	both	0.7367591482229747
32	18	cluster	0.45657762756783987
13	12	cluster	0.656165759921347
48	2	cluster	0.7214340979684961
66	2	neither	0.6942726383116183
2	10	cluster	0.7278226942460453
69	17	both	0.37161008348226554
24	18	both	0.5558108923358703
1	7	both	0.7424574045934204
20	11	both	0.639807084216667
16	11	cluster	0.6384410631094821
57	13	both	0.49523305793863415
18	17	neither	0.5712006517706826
15	2	neither	0.7394097403437857
32	7	neither	0.6411924322398301
34	4	neither	0.692581787939338
47	2	both	0.7405961880130688
29	10	neither	0.6101951698481443
50	11	neither	0.4986398156071769
61	16	both	0.4134351514908579
47	6	cluster	0.6195412538326801
0	12	both	0.7272148760475547
14	13	cluster	0.6294113995031829
32	10	neither	0.5984522128261892
37	13	cluster	0.5045469838666866
28	5	neither	0.6971977981218382
26	2	cluster	0.7405869847799422
20	4	neither	0.7167944912415163
42	17	neither	0.40402130068577363
2	12	cluster	0.7182773920274708
51	14	neither	0.3996259051611052
21	2	neither	0.7358978316211272
9	18	cluster	0.6199320401665268
31	4	both	0.7139724094982552
69	7	both	0.605710367677175
24	7	cluster	0.6680884746310606
61	5	cluster	0.619761384415705
4	14	cluster	0.7012714109530874
30	16	both	0.5539329866412933
1	10	neither	0.7338584832879232
18	16	neither	0.5794459771636805
5	16	both	0.6707229238896938
11	8	both	0.6933833068390934
33	19	neither	0.4458929906295558
28	8	neither	0.6481570000060316
15	17	cluster	0.5912504844314269
33	19	both	0.495787490061076
16	9	neither	0.6665157580513584
34	2	both	0.7378910080278557
39	10	neither	0.5703715823987977
23	13	cluster	0.5857493307367421
10	4	neither	0.7279102356248118
3	10	both	0.7210462389594451
62	2	cluster	0.7010105326558718
16	13	neither	0.622829446384162
41	6	cluster	0.6345811912670493
67	6	both	0.6373038914999556
46	13	both	0.539027573341619
65	11	both	0.5103753259045474
11	13	cluster	0.6447144764560778
8	5	cluster	0.7285220036019513
31	2	cluster	0.7375000999047227
4	12	neither	0.7021881982459733
68	9	both	0.5507503609607745
8	8	both	0.7014867523403702
65	17	neither	0.22945521977960137
54	16	neither	0.33385787238651615
57	19	neither	0.24366923946240568
42	17	cluster	0.4023774803174587
37	12	both	0.5846633767430351
55	19	both	0.3998110178056625
61	3	neither	0.6652939606347192
54	3	both	0.7171010067653778
18	2	neither	0.7385922545417934
32	3	both	0.7242519842979134
38	19	both	0.48012241275988815
13	9	neither	0.6774792032709893
22	19	cluster	0.5206792344296396
49	8	neither	0.5727908436530116
30	2	cluster	0.7383330257916725
3	16	neither	0.6872006837892978
60	12	both	0.500075309244684
15	16	both	0.600475446570795
54	8	cluster	0.5308281079837835
5	7	cluster	0.7310329228050053
12	15	cluster	0.6210301464317878
67	14	cluster	0.27557095056311637
8	6	cluster	0.7219255343166414
17	3	both	0.7173431568333838
58	19	cluster	0.22546816926076005
1	16	cluster	0.7295969947124529
16	4	cluster	0.715747017369247
3	4	both	0.7375776164850963
5	6	both	0.7271586877136571
49	19	both	0.4039256245780941
30	19	neither	0.4835742222965725
17	14	cluster	0.5975057953554194
26	9	cluster	0.6244305123720028
33	15	neither	0.5061317414880299
4	17	neither	0.6703887568728123
26	10	cluster	0.6116053691426115
54	19	neither	0.2734830671625355
23	19	cluster	0.524690190069531
9	14	neither	0.6545084179481775
33	12	cluster	0.5427261412128856
50	4	cluster	0.6566304966899178
2	13	neither	0.7125962037420396
23	11	cluster	0.6143599966055963
29	5	neither	0.694872169024138
20	17	both	0.5792485981717903
64	6	cluster	0.5727149562406094
28	10	both	0.6359888730567876
32	5	neither	0.6862776105846157
33	15	both	0.5611117132032083
32	14	neither	0.5262586460713151
14	14	both	0.6319676865834386
57	12	cluster	0.40990513479558527
29	19	neither	0.4795053778545583
13	8	neither	0.6906926532814761
44	19	neither	0.3647563609224104
49	18	both	0.4266993923535729
27	12	neither	0.5882095403151748
8	5	both	0.7169519888443677
8	8	cluster	0.7072545248281275
30	18	neither	0.4856508550657112
10	10	neither	0.6813115357021731
23	5	neither	0.70466454796792
19	12	cluster	0.6087213944869732
1	6	both	0.7399732880730966
31	10	cluster	0.5860448501224272
61	10	cluster	0.45272430309367184
55	9	cluster	0.5145448553961118
47	12	neither	0.48662607754438053
59	15	neither	0.3133772468536066
58	19	cluster	0.23087512871581461
58	7	cluster	0.5611531880544922
47	12	both	0.54859590970643
2	3	both	0.7389842732991614
33	14	neither	0.5203048927321491
10	11	neither	0.6774651628557014
65	16	neither	0.25533640590048406
45	3	neither	0.6950967669639526
16	4	neither	0.7216323626610962
45	2	both	0.7405161083255888
65	11	neither	0.4157112538143052
16	3	neither	0.7277416288885175
2	14	cluster	0.721676294124934
28	5	cluster	0.6929378116181314
49	19	cluster	0.29921563568129955
23	8	both	0.6713928404580484
14	7	both	0.6926953176308804
23	6	cluster	0.6851254092046352
13	10	neither	0.6699433183116222
15	2	cluster	0.7416319547177259
24	5	cluster	0.7043646743386265
62	11	both	0.5309829416024912
56	3	cluster	0.6690506924072842
62	2	neither	0.6993898546723665
29	17	neither	0.501015316123728
36	6	neither	0.6544323056009244
10	15	both	0.6434792027026602
21	6	cluster	0.6890618338431864
61	13	neither	0.3822402229416948
69	11	cluster	0.3574840447035025
38	18	neither	0.4253151202138423
61	7	cluster	0.5500284764214122
30	14	cluster	0.5280404497551835
1	14	neither	0.7218011944867001
51	10	cluster	0.5020524041336907
48	19	neither	0.33666526516328327
4	12	both	0.7056035766324152
68	4	both	0.6780770226671595
19	16	cluster	0.5771000233741745
69	13	cluster	0.30618771654402216
12	8	cluster	0.6820801559252194
11	18	neither	0.6056365901406082
27	6	cluster	0.6774949186056405
66	13	both	0.4520182785672479
68	16	neither	0.23117121236425428
17	5	both	0.7095188730503085
69	15	both	0.4035063700794118
10	16	cluster	0.6319454852689417
52	13	neither	0.43689199449617966
40	16	neither	0.4455417414608417
40	6	cluster	0.6402089556115561
44	4	neither	0.6749079901170861
47	6	both	0.6726028564082608
26	10	both	0.6293193376146915
11	16	neither	0.6217475884107808
25	13	cluster	0.5730794691444923
48	11	both	0.5612157048906232
1	14	both	0.7345334187247612
1	18	cluster	0.732128655162742
38	6	neither	0.6509699691241279
45	17	both	0.46280811789710175
68	12	neither	0.36553025744118145
31	11	both	0.6132874561781966
49	19	neither	0.31745725894365384
0	18	neither	0.7272148760475547
42	3	neither	0.7007844572966364
50	5	neither	0.6508078043481965
64	7	cluster	0.5334315249739288
68	11	cluster	0.3734779090874018
29	4	cluster	0.6993527733172965
15	15	cluster	0.6129051047867099
17	10	cluster	0.6517692753856481
41	11	both	0.5820079738642593
19	16	both	0.5886564849333819
68	6	neither	0.5661640772139799
26	2	cluster	0.7404376654610701
6	16	cluster	0.658832508400235
37	3	cluster	0.7027514202859171
28	19	cluster	0.4853676030173291
45	15	cluster	0.40935689988147217
2	5	both	0.7380260526174099
19	4	both	0.7135198739512559
15	18	cluster	0.5846481068682223
17	12	cluster	0.6333763930149902
29	15	neither	0.5334299825233292
38	3	neither	0.7075855301404433
18	13	both	0.6144947244963578
49	16	cluster	0.36558019221355564
9	16	both	0.6406132426365189
1	16	both	0.7354284732433379
62	8	neither	0.5264477718772002
29	8	both	0.6621236784756936
12	6	cluster	0.7088626669418848
39	19	both	0.47529266464678827
62	19	cluster	0.190823527491114
61	4	both	0.6874433690659275
54	18	neither	0.3073306978390749
37	2	both	0.7396801204516532
30	12	cluster	0.5694372456686548
47	4	cluster	0.6637014014882073
17	10	neither	0.6558005622513566
0	9	both	0.7272148760475547
9	11	both	0.6734551692943069
42	17	both	0.4874893381654471
41	13	cluster	0.4854223718618239
3	8	cluster	0.7281275063003668
14	14	both	0.6206371711726851
60	7	neither	0.5571851502954484
3	12	both	0.7097149617907043
21	6	both	0.6954737911386164
63	2	neither	0.6980509689497963
17	17	cluster	0.5726590563386141
43	15	neither	0.43907747147248316
41	5	neither	0.6710462637023168
11	17	cluster	0.6228297661575548
12	5	neither	0.7183161089338677
19	6	cluster	0.6939133266950008
13	6	neither	0.7068823159395982
8	6	both	0.7156103901069819
23	14	cluster	0.5768212959823381
8	7	both	0.7118405603011903
45	7	both	0.6498642698276088
10	5	neither	0.7202427519566469
64	8	cluster	0.4994241044418395
41	7	cluster	0.6143271168497991
62	16	cluster	0.2750867614959287
34	11	cluster	0.5591873152953866
61	16	cluster	0.28075821800114625
44	8	both	0.6312781527176307
58	5	cluster	0.6242494143442691
54	19	cluster	0.254400281216218
51	18	both	0.41980111393985603
36	7	neither	0.6350674158754263
46	7	neither	0.6052357294766325
49	10	both	0.5870473460929961
17	5	cluster	0.711669356100919
13	2	cluster	0.7424705604742744
39	12	both	0.5717049611013373
6	18	both	0.6562937542511638
23	9	neither	0.6469343384968066
52	10	neither	0.514531647489603
4	6	neither	0.7277099749144206
13	8	neither	0.6891298931107545
13	3	both	0.720245796979855
57	11	both	0.5422542897142602
29	2	neither	0.7372104947017881
68	16	cluster	0.21998432737200696
54	6	both	0.6539749925124091
68	7	both	0.6109882666953746
40	9	both	0.6229038421193847
16	16	neither	0.5970285864142014
60	14	both	0.4640635113430919
3	2	cluster	0.7404684289635629
46	15	both	0.479803434846469
48	18	both	0.4458920889239684
20	16	neither	0.5701820361536353
31	2	neither	0.7357053937728502
48	16	both	0.4784643175193393
28	11	cluster	0.5975349818848625
33	17	cluster	0.464007315546529
12	9	cluster	0.6733591741358769
56	8	both	0.6111268790132466
69	8	cluster	0.48091638692616373
62	3	cluster	0.6602399789011832
30	6	both	0.6936374042585152
55	5	neither	0.6350306724981251
8	3	cluster	0.7360510060757451
59	10	both	0.5551932777947214
43	13	both	0.5421986487336226
48	9	cluster	0.5436028197756891
58	10	cluster	0.4644465507192459
9	2	cluster	0.7459890526106371
67	14	neither	0.29574209898845727
68	15	neither	0.2623675972748556
46	13	both	0.5339891712195126
35	2	both	0.737839348000317
69	2	cluster	0.6908945346119489
29	10	neither	0.6087442425511979
58	17	cluster	0.27149475287886143
55	15	cluster	0.3445885817992568
19	13	both	0.613481152422015
35	5	neither	0.6843745221593943
50	3	both	0.7178690563697298
60	11	cluster	0.42124683590508827
64	11	cluster	0.3974820908618648
13	9	cluster	0.6733083347708168
69	3	cluster	0.6465063489404191
12	6	neither	0.7089719108443797
65	8	neither	0.5144473023425266
10	13	neither	0.6538503109111413
25	5	neither	0.7001516260364206
69	12	neither	0.36736540665570067
67	16	cluster	0.22399979078428572
66	12	cluster	0.33354613007471895
17	10	both	0.6650188428170278
44	7	neither	0.6185016496248231
3	11	both	0.7182817627287825
65	9	neither	0.4858342024767927
23	18	both	0.5615372701620066
44	5	both	0.6922981447960199
69	12	both	0.45707614910314065
52	6	both	0.6586906214966797
25	16	cluster	0.5296761915698865
57	14	neither	0.37301483713655426
60	14	neither	0.35524233449257026
65	5	neither	0.6079600488382294
48	4	both	0.7026779389791453
32	6	neither	0.6667481821065202
66	10	cluster	0.40662983820249504
11	3	neither	0.7332568123309622
24	9	cluster	0.6333096371106582
8	8	both	0.7003210061602879
67	6	neither	0.5707756616521751
37	5	both	0.7009962172504068
45	14	both	0.518902543431961
25	15	cluster	0.5484524261040906
22	7	neither	0.6698112581202867
56	9	neither	0.5167794741105424
6	18	neither	0.649780752185122
65	19	both	0.35953831486734733
27	17	neither	0.5108208330287999
43	4	both	0.708234148562366
28	16	cluster	0.5149569644109075
6	2	neither	0.7413991913170691
32	12	both	0.5980824968780339
3	13	neither	0.7005684262562601
41	16	neither	0.44293013698817374
9	3	neither	0.7364562054350478
69	14	both	0.43125814616049735
31	7	cluster	0.6502870087355695
33	16	neither	0.49512653859555866
21	6	neither	0.6901577281237958
0	15	cluster	0.7272148760475547
63	6	cluster	0.5780895915265453
39	13	both	0.5673650083914892
62	8	both	0.5881171579970494
35	7	both	0.6724428373869957
3	2	neither	0.7374287028433557
68	18	both	0.35603103999562474
54	8	both	0.6140270576167851
34	5	cluster	0.6823208230485445
39	10	neither	0.5769741538332313
44	8	neither	0.5980366675175791
32	3	both	0.72428614736578
59	16	both	0.4167683105421419
31	8	neither	0.6313618642495344
58	10	neither	0.48266856512012396
6	5	both	0.7289795784889216
3	6	cluster	0.7333564513752793
51	4	cluster	0.6529118830771707
21	3	both	0.7170610837370613
35	11	cluster	0.5607142396713021
64	5	both	0.6679352899912836
39	15	both	0.5235584152909888
45	4	neither	0.672206198526507
37	2	cluster	0.7327216732177041
53	3	cluster	0.674970678352438
54	5	cluster	0.6352970868693882
57	4	both	0.6911203323529183
32	7	both	0.6761867919590768
59	14	both	0.4519214223748018
23	9	cluster	0.649271721753897
62	10	both	0.545115149119489
29	7	both	0.6820852792638087
67	11	both	0.49068629220445403
25	4	both	0.7133674678490542
10	5	cluster	0.7244818432476173
33	6	cluster	0.6553461810231013
56	9	both	0.5881671054834783
22	11	cluster	0.632522482820626
10	4	both	0.7215066776761823
54	6	cluster	0.5949274167250459
6	16	both	0.6563048888239491
33	14	both	0.5707666681744249
53	12	both	0.5266483721878564
57	5	neither	0.6284119768126164
60	15	neither	0.3220498201640523
45	17	neither	0.3939265914771665
60	4	both	0.6863605669065697
12	3	cluster	0.7307632286838288
38	8	cluster	0.597904333547807
40	2	neither	0.7285371579882488
67	9	both	0.5577317096934247
24	11	cluster	0.6098841752195983
9	12	neither	0.6719429417332747
11	13	both	0.6409349999727718
27	14	both	0.5851207672787568
19	11	cluster	0.6285489489222773
7	12	cluster	0.6869783575168894
6	7	cluster	0.7254940521885861
28	9	cluster	0.6234562395546334
68	15	cluster	0.24651441484819037
63	4	cluster	0.6266915380460091
15	4	both	0.7106457085877215
58	15	neither	0.3396402955005818
19	7	neither	0.686170499867019
49	6	both	0.6685816049451087
32	14	both	0.5732568720872282
59	4	neither	0.6404674789094055
31	13	both	0.5901284006621512
55	14	cluster	0.3615292183401103
28	12	both	0.6157575192700401
30	18	both	0.5307102410301682
17	7	cluster	0.6861905326214295
20	5	cluster	0.708297745387232
32	19	cluster	0.4624761992149099
32	2	both	0.738479615538066
46	8	both	0.6223545374126228
15	10	both	0.6688038331408145
1	12	both	0.7348287798755401
59	8	neither	0.534090135138765
37	17	neither	0.44347843765881156
13	19	cluster	0.5870203428303037
10	6	cluster	0.7158302894351832
39	5	cluster	0.6698304719483362
47	16	cluster	0.380823105698589
65	10	cluster	0.42296285274743906
38	10	cluster	0.5633353162356718
12	13	cluster	0.6377923068357989
62	2	cluster	0.7012457618604401
49	10	neither	0.5277603792403937
34	2	both	0.737830761983757
64	12	both	0.48902262958604936
41	14	cluster	0.466221508484065
67	14	cluster	0.27319757541244605
33	4	neither	0.6953732446624079
39	8	neither	0.615357802469093
21	4	both	0.7125244459101324
11	2	both	0.734559283034644
61	6	both	0.6460470104297499
49	7	neither	0.6022329976656443
1	19	neither	0.717336782273809
22	18	cluster	0.5302018821426044
19	4	neither	0.7171052006957755
2	10	neither	0.7202585901270881
20	14	both	0.6169396387027141
52	14	cluster	0.3788356367162618
59	7	neither	0.5664754734539195
26	9	cluster	0.6347540882286282
6	6	cluster	0.7307998963091815
56	7	both	0.6307665278701696
59	3	cluster	0.6656644752404669
67	2	neither	0.6933778024094034
10	17	both	0.6234529130511011
4	17	both	0.6777401872879071
63	13	both	0.4601823619670169
12	11	neither	0.6570663233030702
23	7	both	0.6811213713107807
33	4	both	0.712885725170757
45	10	both	0.5923525198220451
29	6	neither	0.6725208228353218
7	2	neither	0.7424311991775762
44	17	both	0.46816642053760366
55	3	cluster	0.6722254849679866
34	8	neither	0.625156164560203
20	12	cluster	0.6028112813205482
40	17	cluster	0.42967793496656326
65	3	cluster	0.6540701002718606
64	12	cluster	0.353911003191007
5	15	both	0.677716563099641
44	19	cluster	0.3425855031037322
31	10	neither	0.6079244693465364
53	17	neither	0.322140907991961
48	14	cluster	0.4253905562817445
39	5	both	0.6994950394885134
34	14	both	0.5628368516504743
29	4	neither	0.7051257036459324
65	18	neither	0.20664370037917035
12	18	cluster	0.5969771390068501
64	15	cluster	0.28091256613926996
8	14	neither	0.6571837409499759
9	13	cluster	0.6653188544007523
62	19	neither	0.2117434774944462
66	12	both	0.475245272898965
58	14	neither	0.3695371308466372
41	5	cluster	0.6661359982866467
67	19	both	0.3368763035215805
55	10	neither	0.4929719363464136
23	5	cluster	0.7084617761841826
5	14	neither	0.6796382657895642
66	14	cluster	0.27668802724631225
12	15	cluster	0.6342843597788976
41	13	neither	0.4989486681301556
33	16	both	0.5402196231297912
27	15	cluster	0.5421125104305106
11	7	both	0.6998663829690661
45	12	both	0.5611901378718785
19	2	cluster	0.7405014686188974
24	8	neither	0.6525224525915696
12	12	cluster	0.6448923901570228
46	9	neither	0.5617822882860416
56	6	cluster	0.5954436796173234
65	15	cluster	0.279357063562372
27	17	cluster	0.51609300500235
34	8	cluster	0.6093258436717186
3	16	both	0.6991187955968449
14	11	both	0.6570644380421822
28	8	neither	0.645937866721329
14	16	both	0.6090794417955713
57	9	both	0.5824946586432433
5	15	cluster	0.6910958196394918
42	11	both	0.5811407911869616
8	9	cluster	0.7069875332177469
60	13	neither	0.3856436706207531
11	17	neither	0.6114783537908763
18	2	neither	0.738545951416425
57	18	cluster	0.25329194396821236
56	18	both	0.40604971519787314
5	2	both	0.7354044437365829
60	5	cluster	0.6186715647670677
40	4	both	0.708516855192355
22	14	neither	0.5874545189541308
67	3	cluster	0.6501200520471457
51	5	both	0.6838769533280284
19	10	both	0.6579232346559698
38	15	neither	0.47746477821459765
13	13	both	0.6425556243344283
62	11	neither	0.4248962753474794
12	2	cluster	0.7427259577008974
32	15	cluster	0.5022702558859964
69	6	neither	0.5622863690220911
31	18	neither	0.48007258555334303
17	11	both	0.6452881046669406
33	7	cluster	0.6470557981734837
8	3	both	0.7306603314863899
60	14	cluster	0.3356542885667104
0	10	cluster	0.7272148760475547
6	15	both	0.6690994008917236
8	2	both	0.7368250187808222
20	12	neither	0.6185881688223703
22	3	both	0.7176926101732418
0	19	both	0.7272148760475547
25	10	both	0.6393744638662083
47	15	neither	0.42808575134131643
24	18	both	0.5599108117847733
35	10	both	0.6240819776169556
31	14	neither	0.5253323788318848
51	9	cluster	0.5202527982815248
24	17	both	0.5607074758839755
51	15	neither	0.38537744162196613
39	12	neither	0.5257473688523496
45	9	both	0.6160849445048442
30	2	cluster	0.7380084309757136
4	18	cluster	0.6847742306767832
36	3	cluster	0.7051770619882802
24	17	neither	0.5315271100239456
11	19	neither	0.5946103936380626
40	3	cluster	0.6988846551486343
6	19	cluster	0.6555787618695114
27	14	neither	0.5625878291123093
6	13	both	0.679490687504079
28	10	both	0.6395791899522869
67	15	both	0.4050802399784415
64	18	cluster	0.20447889738804179
64	6	both	0.6435081761602346
37	15	cluster	0.47079924529958034
43	15	both	0.5044828670419292
42	15	neither	0.45091015450975913
44	18	both	0.4652874417387255
47	3	cluster	0.6874952976875223
69	7	cluster	0.519957605830469
8	7	neither	0.7115252544891337
10	6	neither	0.713332118458519
12	16	cluster	0.6172419114757807
16	13	cluster	0.6173595813003304
56	16	neither	0.32425052325387427
14	8	both	0.6835704236295995
1	11	neither	0.7290139489785271
16	13	both	0.6202048418923297
22	12	neither	0.6069255823584739
16	12	both	0.6357409303915291
7	2	cluster	0.743306389846474
40	13	both	0.5495611833718539
57	3	both	0.7151234670096711
37	18	both	0.4930023535382921
2	9	cluster	0.7277259436381239
45	6	both	0.6721097477652098
39	13	neither	0.507629146336624
25	8	neither	0.648514293399285
38	19	neither	0.4085099927987353
53	13	both	0.5053084782534244
60	7	cluster	0.5565919375425611
52	7	cluster	0.5805495015097308
17	2	both	0.7358493443380605
43	17	both	0.4915617558841535
58	11	neither	0.45624501464496836
53	7	both	0.6404859676946485
36	19	neither	0.42629208252541967
12	5	both	0.7134085781191445
55	2	both	0.737762331896832
19	9	cluster	0.65559221480897
63	15	cluster	0.27976665493466085
41	12	cluster	0.5046526731354706
33	11	both	0.6220074134669016
23	12	both	0.6241550694234986
30	8	neither	0.6365287402429386
67	2	both	0.7289804356319284
2	11	both	0.7279281845386482
7	19	neither	0.6241298402085612
35	6	cluster	0.648340817873925
18	18	cluster	0.5610993161392932
50	6	neither	0.6145454086707546
52	6	cluster	0.603221799172541
36	13	neither	0.5220297131883519
22	10	cluster	0.6266071032951656
30	16	neither	0.5085649049338771
28	3	both	0.7233050382546636
15	15	both	0.6135315311783252
47	13	neither	0.4447848146486745
4	10	both	0.7175816926257037
33	12	neither	0.5542828720670395
36	2	cluster	0.7335082438719739
18	12	both	0.631575984746027
9	18	both	0.6276335150029987
58	11	cluster	0.4332759440152773
7	15	cluster	0.6625506765463819
43	7	neither	0.6208267359473106
17	6	neither	0.6951470725039247
5	18	neither	0.6624862996843232
10	13	cluster	0.6482852179028864
53	3	neither	0.6806370668072275
26	19	cluster	0.495846523512585
17	11	cluster	0.6500031652894432
63	5	cluster	0.6126095829676139
9	11	neither	0.6804665938278857
11	4	neither	0.728228962179542
7	6	both	0.7180077236135702
53	5	neither	0.6413095913966649
28	11	both	0.6189473932059056
8	12	cluster	0.6786092292165021
36	6	cluster	0.649746610688072
36	16	cluster	0.4684017818653163
64	17	neither	0.2477200881178257
65	19	neither	0.1535326891936489
48	19	cluster	0.29384011558276407
46	2	both	0.7400556992289553
16	18	neither	0.5731719735138089
43	19	neither	0.36986776309944835
63	13	cluster	0.3203663501552015
27	9	neither	0.6291152657494373
66	4	both	0.6818032121276234
58	12	both	0.5007826903879612
54	3	neither	0.6790387130536917
1	16	neither	0.7199755153496801
51	5	cluster	0.6417480099023901
6	5	cluster	0.7362248967708895
49	2	both	0.7398276175348564
62	14	cluster	0.3134460024882473
16	8	cluster	0.670087120916912
14	5	cluster	0.7158700191824519
61	7	both	0.6264763789050777
51	3	both	0.7174492018440942
18	9	neither	0.6581393627183187
50	3	cluster	0.6819108478580101
8	4	neither	0.7337187368507899
12	17	both	0.6192948976739946
2	18	neither	0.7016541104376357
9	14	both	0.6560418342897159
43	4	cluster	0.6725421625281142
0	17	cluster	0.7272148760475547
3	3	both	0.735330851494934
23	16	neither	0.5558540130722515
11	11	both	0.6682973739085412
14	15	neither	0.6108679554123536
8	19	cluster	0.6266101415822323
23	11	both	0.6299519961849472
36	15	both	0.5431660831610737
54	15	both	0.45930317923349645
8	15	neither	0.6524818439552172
67	6	both	0.638545653896924
17	12	cluster	0.6249803958181135
9	4	cluster	0.7288324450418309
62	11	neither	0.4338460768208733
13	11	neither	0.6528936385170283
50	15	both	0.47799669093943287
30	13	cluster	0.5424788488224711
0	6	both	0.7272148760475547
44	9	both	0.6170843773336446
51	14	neither	0.40276903712576784
38	8	neither	0.6094110612253729
2	19	both	0.7150950426892205
6	13	neither	0.6788843817275454
56	11	cluster	0.43824850370100876
38	10	cluster	0.5697834157113597
4	10	cluster	0.7205092437818008
44	6	cluster	0.6272509437508434
42	17	both	0.4892574821856165
27	11	neither	0.6061025215251613
49	14	neither	0.42633724691416114
24	18	neither	0.523754485619117
34	15	neither	0.5060887715030666
17	19	neither	0.5623332153518819
65	9	neither	0.4875261054994855
49	7	neither	0.593899426291391
1	8	both	0.7402797068614407
30	10	both	0.6302948839257404
20	15	cluster	0.5762232490695919
33	13	both	0.5790001134369932
3	19	neither	0.686568601216024
61	16	both	0.40761693064166543
24	5	neither	0.7046094965304988
46	2	neither	0.7217382314613635
38	17	both	0.5033948666428786
57	3	cluster	0.6679269385545157
2	7	cluster	0.7411525719492771
9	10	neither	0.6869547469671781
27	17	both	0.5589481212540405
26	12	both	0.6206055008675193
33	5	both	0.7056042767906875
38	7	cluster	0.6201874694972622
27	15	cluster	0.5313851936743087
8	7	cluster	0.717762030833768
45	14	neither	0.44251145999091623
46	14	cluster	0.42346541118062925
2	8	both	0.7314369086695898
45	8	both	0.6298277813992945
18	12	neither	0.6272093744121877
4	5	neither	0.7314050880415598
69	9	neither	0.4669984786921534
62	13	both	0.48561454723495573
66	4	cluster	0.6185217759398951
1	16	neither	0.7158978347803445
57	9	both	0.5797739134173502
17	6	both	0.6957025805899202
46	7	both	0.650784456509602
39	18	both	0.49041915776866485
21	5	both	0.7083992981381041
68	19	cluster	0.18469344579242802
1	12	neither	0.7287425422112284
54	2	cluster	0.7111625769114902
34	11	cluster	0.5632153427052685
19	15	neither	0.5885938396478035
33	6	both	0.6869574787974294
67	13	both	0.44578493905712435
18	13	neither	0.6120688657231168
52	12	cluster	0.4378714615162185
37	15	cluster	0.4792149455725479
18	3	both	0.7166154279977784
6	16	cluster	0.6675379519200898
23	14	neither	0.5730882719049571
35	10	neither	0.5862062841402891
63	6	both	0.6431877828888738
53	10	both	0.5718648882944616
57	16	both	0.44952117316555407
51	12	cluster	0.4466750677573074
68	2	cluster	0.6928121770884348
45	16	cluster	0.3989602621139614
43	3	both	0.7219344419615685
59	17	cluster	0.21543754149271785
6	3	neither	0.7413490436277652
49	11	neither	0.49909097528982066
67	17	both	0.3562203524881424
21	17	neither	0.5520535633367538
46	9	both	0.604371989564998
9	11	neither	0.6812585542893791
28	7	cluster	0.6590024172304603
21	18	cluster	0.5424673392409985
47	9	both	0.6037995082195682
1	14	neither	0.721545806411277
55	13	neither	0.41573647290048577
19	10	cluster	0.6431287178144923
66	8	both	0.5835709027314656
45	14	both	0.527936099149497
52	13	both	0.5142141964586621
29	14	neither	0.5434771968330435
52	4	both	0.6976979316645544
47	18	both	0.4384184456706272
31	14	cluster	0.5334128409878708
16	7	both	0.6898567843511583
31	7	cluster	0.6472921878914433
69	3	cluster	0.6454470440406209
32	19	cluster	0.4446027854830591
18	16	both	0.5952884348524735
62	12	neither	0.39967672737369864
39	17	both	0.5032180237525655
11	3	both	0.7241353704582328
57	11	neither	0.4692165607210713
3	15	cluster	0.7058671165642657
21	16	both	0.588626004759629
63	18	cluster	0.21853311092487362
52	19	cluster	0.2696250712596208
33	12	both	0.5935781792875109
6	19	both	0.6513142316682935
36	7	neither	0.6385907100101306
39	14	neither	0.4946352542381099
53	2	neither	0.711593425391727
1	10	both	0.7396674665283544
64	12	cluster	0.370602187302197
35	2	both	0.7377527427411802
41	5	both	0.6961576891043096
58	9	both	0.5821346719363442
29	6	both	0.6931760803688017
3	14	both	0.7054847865736045
7	3	cluster	0.7398322993355195
57	17	both	0.4158983798250814
0	13	neither	0.7272148760475547
59	15	neither	0.33471313961305793
44	2	cluster	0.7253449384155053
17	8	both	0.6822574885547026
17	7	both	0.6893997615683055
18	7	both	0.688384093520246
5	14	cluster	0.6892747194839464
36	6	both	0.6877731552214218
44	12	neither	0.5001217013107538
61	3	neither	0.6677680179592206
28	16	neither	0.5278268782939224
42	8	cluster	0.5862298169539866
6	15	both	0.6728831082887591
53	9	neither	0.5324569541842665
57	14	neither	0.3701982263192282
14	19	neither	0.5758633522347293
50	18	cluster	0.3136227042211632
3	19	both	0.6842024635180561
61	5	neither	0.6196189767623151
39	8	neither	0.6130439140462771
39	16	neither	0.4533322253019758
62	12	cluster	0.37989443990787136
7	4	both	0.7320980625582099
57	13	cluster	0.37622815936292675
2	12	both	0.7280444551485765
18	19	cluster	0.5549082719578945
63	5	neither	0.6158548644709185
28	17	cluster	0.4982254128680913
15	3	both	0.7206618544789153
29	9	cluster	0.6216461141178661
37	10	cluster	0.5703394886744445
48	5	neither	0.6535800065076635
53	17	neither	0.31942809231367725
13	9	neither	0.677974127391196
15	15	neither	0.6123077034389196
7	19	cluster	0.6492935622659958
65	12	neither	0.38060572159004746
41	3	cluster	0.6968017652112241
40	13	both	0.5535526989117843
41	15	neither	0.46181030917587307
24	17	neither	0.5355220039473518
15	9	both	0.6767429395837572
24	5	both	0.7033365615427113
31	9	both	0.6494724126650054
21	14	cluster	0.5831170174442567
58	2	both	0.7358756201162401
64	4	cluster	0.6219719438527606
31	4	cluster	0.6946342130117601
47	11	neither	0.5143792313573543
33	8	cluster	0.6080094788584132
26	16	neither	0.5429371408100918
27	2	cluster	0.7401482708272199
23	6	both	0.695280597675099
23	11	both	0.6364602835020783
10	5	neither	0.7211467292053698
18	7	neither	0.6868089412296953
41	7	neither	0.6233999649832206
6	5	neither	0.7328118057315672
5	16	both	0.6678039591097538
22	9	both	0.6524038635955701
16	3	cluster	0.7243108571082917
8	12	cluster	0.6790133661719622
23	7	neither	0.6670251392489457
44	3	neither	0.6976630149596051
34	13	neither	0.5369040165617097
43	15	both	0.5110128841239773
55	12	both	0.5298598991099638
22	12	cluster	0.5942262871751998
27	4	neither	0.7077238467494078
65	12	both	0.4660200532241453
56	5	both	0.6783796757339733
7	18	both	0.6372299240156407
27	19	neither	0.48204906358195954
40	7	both	0.6640200949172546
61	7	both	0.6178617707565752
66	13	both	0.46373603793038726
34	14	both	0.5686489962323953
63	12	both	0.49366440768677006
28	12	neither	0.5770144092332172
16	10	cluster	0.6591436042606612
12	18	both	0.6074397396939675
18	4	cluster	0.7151620707591408
53	17	both	0.43998637807500846
56	13	both	0.5046146112146345
18	18	both	0.5804055360037054
37	6	neither	0.6524251768438207
3	3	cluster	0.7385869949768705
6	4	both	0.7328617093414014
4	4	neither	0.7361486721926687
22	11	neither	0.6207729545615527
26	14	neither	0.5499951965916202
2	15	neither	0.7131678376857581
43	8	both	0.6380326201638015
33	19	cluster	0.4212659546737553
10	12	neither	0.6596847778929871
28	6	both	0.6903753797481456
42	3	both	0.7229942676013384
13	6	both	0.699081839220951
11	12	neither	0.6645237749437014
60	9	cluster	0.48434991637761327
34	11	both	0.6090607524747405
20	19	both	0.5599099612914601
43	11	both	0.5766640902745934
38	19	both	0.4749411075509059
67	10	neither	0.441748074585577
66	4	both	0.6806115809645126
54	8	both	0.6167928741081851
63	14	cluster	0.30769521069670913
6	8	cluster	0.714478827773559
43	12	both	0.5533016276962998
46	6	both	0.6694570216946353
61	12	both	0.4972485035689841
42	15	both	0.5079193852056584
6	2	neither	0.7414157338609899
39	11	both	0.5917092668473076
33	11	both	0.6051781712660584
63	3	neither	0.6644915310616041
19	9	neither	0.6598907301193687
64	11	cluster	0.3860067728289032
32	19	both	0.5036370891662464
49	5	cluster	0.6493670802598326
30	2	cluster	0.7380364658647288
40	5	both	0.6981696349982196
21	13	both	0.6185034526550288
6	12	both	0.6906638841893199
38	5	neither	0.6772851096960716
22	19	neither	0.5191282397555721
1	4	cluster	0.7349319733197888
33	8	both	0.654775909799589
20	3	both	0.7172953408223715
8	16	neither	0.6441724689472677
12	18	neither	0.5961724690453482
32	9	both	0.6428831768693913
40	15	cluster	0.455795305979739
25	11	both	0.6329345963511137
1	6	neither	0.7355546692988744
38	2	cluster	0.7320929831552184
43	14	neither	0.4614446809818184
47	6	neither	0.6273926731359287
54	5	neither	0.6374203107784109
59	7	both	0.6246863525351827
27	18	both	0.5508964588061979
60	17	neither	0.2699837835142168
2	12	cluster	0.7262956895141099
52	7	both	0.6429663742051765
53	9	cluster	0.5163104818849518
16	13	both	0.6409047138395919
12	11	neither	0.6632168353931956
59	8	both	0.6001977416889457
10	19	neither	0.6084429185472403
58	4	cluster	0.6373469050006564
37	18	both	0.4991563576253192
51	5	both	0.6888787854085167
45	18	neither	0.3906316964404581
13	17	cluster	0.60404357525736
60	13	cluster	0.36292245113403515
25	6	both	0.6947352977741416
46	17	cluster	0.3605026405054787
21	14	neither	0.5863025253483201
41	15	cluster	0.4484580340409435
32	18	cluster	0.468439177912797
59	8	neither	0.5341388431785223
58	12	cluster	0.40303854713325377
11	15	cluster	0.6352185566695686
4	6	neither	0.7288375798213129
43	5	neither	0.6664076844770751
10	13	cluster	0.6500358369195205
22	16	neither	0.5678488249227515
61	14	cluster	0.3217479556533799
21	19	cluster	0.5275654116025973
43	4	both	0.7066486410997251
37	12	cluster	0.5292131868003634
33	16	cluster	0.4852105738809677
12	15	neither	0.6285036918915453
48	15	both	0.48581009762621036
32	5	cluster	0.6873287642269565
39	6	cluster	0.645600776917649
6	6	both	0.723270109509562
58	12	neither	0.4243808309020102
14	8	neither	0.6886966338933066
60	19	neither	0.23357900424642344
59	7	neither	0.5673649967510684
10	3	neither	0.7358600379367468
44	18	cluster	0.35581868790353893
48	14	cluster	0.41094368057865427
56	17	neither	0.3046303112547889
26	2	both	0.7358308409664481
10	7	both	0.7039967839097887
67	19	neither	0.15584211512110432
47	2	both	0.7405991451627056
3	10	both	0.72287009382436
26	18	both	0.5509033252645503
49	9	neither	0.5531664459303688
9	15	cluster	0.6443730479421885
22	19	both	0.5565114330924343
19	3	cluster	0.7225410344771591
44	4	cluster	0.6705818563455513
0	19	both	0.7272148760475547
3	3	both	0.7354838718313356
64	2	cluster	0.6981005663569412
15	18	both	0.5935970904151623
41	19	cluster	0.36524085060270917
55	14	cluster	0.3700332548995889
16	4	neither	0.7217789005875652
51	18	neither	0.3219332954826403
66	10	neither	0.4420710305859874
30	8	neither	0.6403587388549321
19	16	both	0.5920400379436035
3	13	neither	0.6992145700137166
49	7	cluster	0.5844603106538353
23	13	cluster	0.5862827904377375
54	16	neither	0.34382234335101247
55	19	cluster	0.25137375056062167
69	10	neither	0.43639700891755073
23	6	cluster	0.6860334553895463
43	11	cluster	0.5169458237210643
18	15	cluster	0.5955252157752599
50	12	cluster	0.4451206053688395
46	13	cluster	0.4646318141864406
5	7	neither	0.7255612962838728
50	4	neither	0.6632601983147338
32	5	both	0.7069805207809825
54	12	neither	0.4460010364981092
48	19	cluster	0.2926844054492314
44	13	both	0.5334754459292388
44	8	cluster	0.5788941422624478
2	3	cluster	0.7403374130066093
1	14	both	0.7353428663700339
20	16	cluster	0.5730560187608885
8	19	cluster	0.6297437611374954
31	11	neither	0.5872715108876666
49	12	both	0.5460055687174262
68	11	cluster	0.365705129163766
65	7	cluster	0.5357334963551585
27	18	cluster	0.5052519014687139
34	17	neither	0.46873225226228016
2	17	cluster	0.7153207519861239
40	6	cluster	0.6407693924922695
49	14	both	0.5080350505784115
21	6	cluster	0.6893061815937663
10	17	neither	0.627324137284271
3	6	both	0.7322944213648958
28	12	cluster	0.5704560306179591
41	14	cluster	0.4705138223645389
14	3	both	0.7209927523396492
24	15	both	0.589953115160707
39	5	neither	0.6773200203599853
44	3	both	0.7208311844196126
20	17	both	0.5901999528111835
54	17	neither	0.31954875936469423
64	17	neither	0.24640364573266946
3	15	both	0.7105590802089337
37	7	cluster	0.626240406430092
31	19	both	0.5136312633122468
27	6	both	0.6925124549839328
53	4	cluster	0.6485211347501998
64	4	neither	0.6305842688787876
32	13	both	0.5851020190141591
67	18	neither	0.17583993200485207
31	5	cluster	0.6914393106007858
38	9	both	0.6216802068573415
50	7	neither	0.5962326348034995
30	18	both	0.5319002520900781
37	12	both	0.5834436638905058
3	10	cluster	0.7232858411225838
41	4	neither	0.6829033817113466
14	15	neither	0.6158223705314089
29	18	both	0.5321048598589188
25	17	neither	0.5399470026809728
7	4	cluster	0.7369002365632645
52	7	cluster	0.571030570685254
2	19	neither	0.6995875328974973
41	19	neither	0.3818804195066638
18	6	cluster	0.696910618448477
31	9	neither	0.6129568116095163
5	13	cluster	0.6965724635897882
5	3	cluster	0.7440577842717921
7	13	neither	0.6703284193544986
52	10	cluster	0.49301418384997564
10	3	cluster	0.7324249004702266
26	19	cluster	0.5009366142427838
16	10	neither	0.6527785416770362
20	3	neither	0.7241310461700705
12	5	neither	0.7177479899414827
22	15	cluster	0.5643013842387364
17	17	neither	0.577075392722853
63	9	cluster	0.45932377186446566
58	9	cluster	0.503150167997764
50	11	neither	0.4859588896920989
18	15	both	0.6123091630232198
61	16	cluster	0.27121866813638656
25	2	both	0.7348273066579102
57	4	both	0.6916373978236164
37	9	cluster	0.585050875344085
21	11	both	0.644452377751841
27	4	cluster	0.7024937910513351
0	7	both	0.7272148760475547
57	8	neither	0.5461552531922702
30	7	cluster	0.652952457926703
43	10	cluster	0.5435235922916541
47	10	both	0.5958604789667125
9	8	both	0.6975297653149808
6	6	cluster	0.7311571440847471
53	16	both	0.44668792423676323
57	17	neither	0.28517599266358895
36	2	cluster	0.7341043574808166
30	7	both	0.681108534095337
9	18	neither	0.6227077574777048
43	3	neither	0.6991645056890142
1	19	cluster	0.7287908648259556
19	16	neither	0.5752872052589364
57	11	both	0.5392268853955471
60	8	cluster	0.5152118466150538
44	6	both	0.6691406110400796
48	6	neither	0.6201417003322437
20	10	both	0.6606638214735153
67	14	neither	0.2904832045381651
57	16	cluster	0.3131019471997259
13	14	cluster	0.6384487153667173
62	15	cluster	0.29366398072273286
39	16	both	0.5106292112972157
69	9	cluster	0.44477931624684414
9	12	cluster	0.6699353218928208
10	10	cluster	0.6786173136386086
30	6	cluster	0.6706910121933264
64	17	both	0.3820006218528879
35	19	cluster	0.4327761857807203
3	11	neither	0.7136159943018645
61	12	cluster	0.37887527158842177
0	17	neither	0.7272148760475547
53	7	cluster	0.568725860141077
48	3	neither	0.6905897167062832
5	13	neither	0.6860493564941199
53	16	cluster	0.3330565522366671
49	3	neither	0.6895680315659511
63	9	both	0.5638758994139076
16	6	neither	0.7011494335051899
68	12	both	0.47855439065143696
4	8	neither	0.721388485296371
25	15	cluster	0.5421178049399017
59	13	both	0.48657906067891527
4	2	both	0.7382792196406649
58	9	neither	0.5094324643714278
62	16	cluster	0.26875186283147684
30	12	cluster	0.5607023608781723
50	17	cluster	0.3462718847619874
21	7	both	0.6849865838505176
6	11	both	0.6934877212837562
69	8	neither	0.5010939823432113
23	2	cluster	0.7389985043652503
53	6	cluster	0.6018029504778053
50	10	neither	0.517833169199161
21	8	cluster	0.6569900651958369
61	18	both	0.37762436054414145
24	4	both	0.7115667948528267
62	13	cluster	0.3340920799243842
25	18	cluster	0.517706536326272
14	19	both	0.5928980529071657
32	6	cluster	0.6631594513313296
46	3	cluster	0.6892909891345108
64	3	cluster	0.6564084967014053
17	13	neither	0.6170757432105264
55	10	neither	0.49917889301148366
57	2	cluster	0.7077215603932504
13	7	neither	0.6989648796441734
59	13	neither	0.37772553463534997
56	6	neither	0.5992772586068474
61	5	cluster	0.6173786182400481
43	4	neither	0.6775639544395123
56	6	both	0.6523263210763484
33	14	neither	0.5173351498087129
45	17	both	0.4775015686159328
40	12	cluster	0.5037597094576663
26	5	cluster	0.6979566995676831
55	5	both	0.6798525972693
61	15	cluster	0.2968510150664807
61	2	both	0.733397294377404
23	5	both	0.7057993980016473
22	9	cluster	0.6458867325541939
68	18	cluster	0.15958082401598125
23	9	cluster	0.638057480481139
39	14	cluster	0.4829680295715753
68	14	cluster	0.26886654061517273
37	18	cluster	0.43712338969186576
15	7	both	0.6920457916712068
29	14	cluster	0.5403895968035899
53	7	both	0.6354992624441677
10	8	cluster	0.6974327754571646
11	2	both	0.7344343275278611
27	12	neither	0.5820723914572722
51	4	neither	0.6596740991563145
47	2	neither	0.7211878853233724
9	14	both	0.6468195791961561
23	7	both	0.6843169348844371
7	7	cluster	0.7162720643265238
2	12	both	0.725267512089882
61	8	cluster	0.5070077457670136
41	3	neither	0.7023350147966684
58	16	both	0.4279681855504161
31	14	cluster	0.5264829209695726
25	13	both	0.6033551371559367
45	11	both	0.5728426539418813
54	3	both	0.7169724582315125
26	16	neither	0.5332445589812603
10	11	cluster	0.6608349436633559
25	18	both	0.5563416103223605
12	15	neither	0.6340775275129185
17	13	neither	0.6218006525016244
53	2	neither	0.711768459110364
2	13	both	0.7242812180940541
63	18	neither	0.21751386035698678
52	17	neither	0.34574989858395233
66	17	cluster	0.19059597261122033
18	17	cluster	0.564955519360271
4	18	cluster	0.6817791559825436
30	9	cluster	0.6149876210224667
5	4	cluster	0.743447639451004
11	12	both	0.6581575321084595
40	11	cluster	0.5330337048668887
3	14	both	0.7050497765100543
34	5	both	0.7045206079352534
3	10	neither	0.7173949806111573
18	10	cluster	0.6530289028870203
33	7	neither	0.6475812013409724
60	18	both	0.38852865954789395
69	3	neither	0.6554236433506146
11	8	cluster	0.6901575205559113
63	18	cluster	0.20163674553089184
34	9	neither	0.6107107135030174
38	12	both	0.5770976922281227
15	16	neither	0.5928447753164632
7	13	neither	0.6770873995132342
24	17	both	0.5704340001953155
11	19	both	0.6116764551502906
44	2	both	0.7400919560652305
63	3	neither	0.6640220449473778
46	13	both	0.5273275606440387
43	10	neither	0.545874277702113
67	19	both	0.35224653152287927
58	6	neither	0.5901989802524458
40	5	neither	0.6748034294286083
67	3	cluster	0.6511952309785831
9	3	both	0.7282451260592175
38	14	neither	0.4906422879084059
28	19	both	0.5280502957163611
57	18	cluster	0.24338642948497347
58	2	neither	0.7053337199392625
23	12	cluster	0.6033264292373067
13	3	cluster	0.7282518133765888
14	2	cluster	0.7430193210685891
3	3	neither	0.7378719760976394
37	7	both	0.6645945635448992
66	13	neither	0.32788831356923903
43	3	neither	0.7001067161155569
7	19	neither	0.6352301117783566
14	8	both	0.6836128880659659
20	13	both	0.6215243912001694
8	17	both	0.6439069324298384
57	2	neither	0.706684110032406
62	18	neither	0.22728329371531972
69	10	neither	0.4361923018822297
23	8	both	0.6683587635856906
50	17	neither	0.3461911510643512
60	7	cluster	0.5494816704117633
40	19	cluster	0.37343781378557245
26	5	both	0.7063930810358873
29	10	neither	0.6072130273322152
61	7	both	0.6204983173129978
35	9	both	0.6384240038246299
0	13	neither	0.7272148760475547
26	5	neither	0.6990726668715317
13	16	neither	0.6143948236827041
5	18	cluster	0.6695140175045396
32	12	neither	0.5641968742274466
65	13	cluster	0.3147874350977498
33	14	cluster	0.527450700464245
33	16	neither	0.4907068323045706
15	4	neither	0.722043910338788
21	19	both	0.5686717218279081
57	12	both	0.5130354044853382
43	4	neither	0.6773972817699223
59	11	neither	0.44385260925234277
62	18	cluster	0.207192341809898
49	10	neither	0.5261734996592582
26	13	neither	0.5708939850726754
24	5	neither	0.7036304437577499
31	3	cluster	0.7129846216452979
55	16	cluster	0.3172263085640333
46	13	cluster	0.4593430650592409
27	19	cluster	0.49165669521194966
47	17	neither	0.3675681054280292
69	18	neither	0.1896996120796207
32	12	both	0.5964358637257435
4	9	cluster	0.720448144987462
8	5	cluster	0.7245786640984317
37	3	both	0.7245128776525489
16	12	both	0.6475769353087922
33	7	both	0.6696279282423507
62	3	cluster	0.6589961989345756
51	15	neither	0.3881993857191
20	12	neither	0.6213989721400172
20	11	both	0.6451541370099102
37	9	cluster	0.5818512477456365
18	2	both	0.7356352582098032
19	15	neither	0.5891071707434362
22	16	neither	0.5480693786328553
10	4	both	0.7217663350669541
41	2	neither	0.7269777158588572
44	2	cluster	0.7251466773745541
64	6	neither	0.5765265898028684
42	14	both	0.5290712193608221
39	18	both	0.48410801094971107
26	9	neither	0.6375320166707793
27	10	both	0.6277207098703402
14	18	neither	0.5924219358560271
54	4	neither	0.6538912214948137
8	6	neither	0.7183101470594794
2	4	both	0.7382486405573808
11	12	cluster	0.6524790504015294
12	11	neither	0.6663952373609091
16	19	neither	0.5576166275644221
56	17	both	0.42138117373667755
11	18	neither	0.6104685306362374
64	12	neither	0.382484404278661
52	15	both	0.4774744565962438
13	18	neither	0.5936233044139188
8	13	neither	0.6743023592840957
62	4	both	0.685449619159864
65	6	both	0.6397472741146013
22	13	cluster	0.5920204883152491
36	19	cluster	0.4108465937677231
64	19	neither	0.19064970726818567
57	7	both	0.6313863468456117
32	17	cluster	0.4720630413029986
19	6	neither	0.6904478430053463
19	5	cluster	0.7112362702192944
24	15	neither	0.5602173852499898
17	19	cluster	0.5626743751580506
19	5	neither	0.7098539869555384
58	9	both	0.5833522829138331
64	13	both	0.477748540952828
37	4	cluster	0.6832866032835357
52	4	cluster	0.6505294011266678
35	12	cluster	0.5438163392881641
52	13	cluster	0.41491110712917934
59	5	both	0.678697618273692
54	14	cluster	0.3801189704811484
55	18	cluster	0.27966905351927995
50	7	both	0.644991239088904
5	18	neither	0.6615099484007604
8	11	neither	0.6846436212663891
30	2	both	0.7388281512483622
23	3	neither	0.7215616999705566
4	11	both	0.7121092612265717
60	19	both	0.37011071044954225
68	7	both	0.6080932464311
36	16	cluster	0.46398758317031114
50	5	cluster	0.6450523952665229
6	11	cluster	0.6982626409358398
36	17	cluster	0.4482123645836558
63	9	cluster	0.46836766926133805
55	9	both	0.5924891448621044
35	11	cluster	0.5572440232667931
13	6	cluster	0.705958267655542
46	18	neither	0.360069148472232
69	18	cluster	0.16957803859379525
56	9	both	0.5838933959478609
66	7	neither	0.545074475255695
53	18	neither	0.29098761581947813
5	5	cluster	0.738989636493916
68	3	neither	0.6571822054034933
13	13	cluster	0.6334786452598438
46	10	neither	0.5420935794371966
58	18	neither	0.26012309475219514
46	12	both	0.5442224246092157
19	8	neither	0.673749398232397
31	2	cluster	0.7374568140778633
32	19	both	0.5010827039155412
10	15	neither	0.6429766122979185
18	3	cluster	0.7240956993779724
35	7	neither	0.6419318646439115
66	19	both	0.3280625217810405
64	3	both	0.7058881388630942
48	2	cluster	0.7212378108998967
57	14	both	0.4846382343116592
67	19	neither	0.17647721939189598
55	12	neither	0.4502216431710301
62	5	cluster	0.6151706044884785
24	9	neither	0.6397881274436636
9	16	neither	0.635988605934284
8	15	both	0.6504784406700767
53	8	both	0.6220429192070679
34	10	cluster	0.5802929224557571
29	19	cluster	0.47355947987686814
14	3	neither	0.7289522413487219
26	13	cluster	0.5617328822516694
32	3	cluster	0.7115505057892559
66	3	both	0.7049241989846767
51	6	neither	0.609860610941228
67	9	neither	0.4745199546158642
38	6	cluster	0.6431552016051242
24	4	both	0.710971654096093
42	14	cluster	0.47127600056661895
14	6	cluster	0.7026850343356009
48	11	both	0.5664440362003147
41	9	neither	0.5825010352842178
48	16	neither	0.3821603003792588
24	11	both	0.6304635613960725
6	17	cluster	0.6587384249596967
47	6	both	0.6666902027187194
43	19	cluster	0.3651128865822152
49	19	both	0.428640596926528
65	15	neither	0.2838021251450579
25	8	cluster	0.6415364841769652
46	10	cluster	0.5293158802832766
45	12	cluster	0.47659444038959836
2	19	neither	0.6990309436879907
36	10	neither	0.5792361171269159
43	2	both	0.740267561022623
34	17	neither	0.472995147723526
28	8	cluster	0.6272483431221593
10	19	cluster	0.6128102828893187
6	19	both	0.6503783955442517
45	7	neither	0.6072838540482438
51	16	cluster	0.3476780092171902
33	2	both	0.7347344099388169
53	3	cluster	0.6749756136518126
56	19	cluster	0.23750775650240938
48	4	neither	0.6681919802681923
24	3	neither	0.7196119018901477
51	4	both	0.6984052603468086
36	18	cluster	0.44099191242806324
69	11	both	0.5026716690607597
24	10	both	0.6432077049694677
59	12	cluster	0.39964087684760996
15	5	both	0.7065249632062807
21	4	both	0.7131580411838206
42	8	cluster	0.5804856193320036
29	13	both	0.5890179613733973
54	7	neither	0.5855191387561706
30	15	cluster	0.5234442412596492
21	9	neither	0.6526292125029264
22	15	both	0.5889214705298774
13	2	cluster	0.7425053954645501
42	4	neither	0.6803211573457162
59	10	both	0.5614750765680586
30	16	neither	0.5158872142083457
13	7	both	0.6911564511978877
1	5	both	0.7410302985020893
10	9	neither	0.688093517843915
57	11	both	0.5346695959521167
37	7	neither	0.6291832262279246
61	6	both	0.6463782261871336
16	8	both	0.6763965962114459
13	19	neither	0.5919164621977037
7	7	both	0.715052720904349
5	17	neither	0.6649564465804855
60	5	cluster	0.6193463506956624
35	12	both	0.5935801551770713
21	2	both	0.7350785672069532
53	19	neither	0.2748358357154194
30	19	both	0.5161476024769749
44	8	neither	0.596890888976583
60	14	both	0.4573264066980641
56	11	neither	0.4658579006448695
8	9	cluster	0.7034023639616915
60	12	cluster	0.38362602198776363
64	9	neither	0.49435492751952903
67	13	cluster	0.2967436613244076
56	13	cluster	0.3811713966910385
45	11	neither	0.5218990080003846
61	5	cluster	0.6158322808854974
27	16	cluster	0.5282679576842317
63	13	neither	0.3643799908347263
34	4	neither	0.6930097053186868
8	6	both	0.7141766818845142
17	2	neither	0.7402709471257257
51	3	cluster	0.6789824033324198
52	18	cluster	0.300420733021229
62	5	neither	0.6157437039009882
6	13	neither	0.6792901295277757
56	19	both	0.37640620030613514
59	13	both	0.47538281650548303
39	9	cluster	0.5731936123111409
44	17	both	0.4841800827116226
22	14	both	0.6020140065249201
24	13	cluster	0.5665055727836072
48	6	neither	0.6205892824401279
1	3	cluster	0.7325631191178932
65	2	both	0.7314754144221878
44	18	both	0.4555327162646909
37	14	cluster	0.4963083915314062
32	3	neither	0.7140027942413879
45	18	cluster	0.35747766940938774
30	13	cluster	0.5505310483226254
35	5	both	0.7034927016637761
13	3	neither	0.7315052271626614
13	9	cluster	0.6807743436603244
60	8	cluster	0.5083308862199577
58	4	cluster	0.6355466957788497
4	16	neither	0.674191937251663
54	7	both	0.6349574496605505
30	6	both	0.6896632663805221
51	16	both	0.4546249431507494
48	19	cluster	0.30631849104788295
47	11	both	0.5608545665468966
53	10	both	0.5641334161341117
11	10	cluster	0.6733500684068565
25	2	both	0.7348571594456655
5	2	cluster	0.7442418065573007
56	10	neither	0.4975313483534571
24	17	neither	0.5394416235639838
59	5	neither	0.6259507642042693
64	11	cluster	0.39787065031875846
55	11	neither	0.467824893247704
49	8	neither	0.5710389882205094
41	13	cluster	0.4761091145393045
39	4	both	0.7085595874043914
4	10	cluster	0.7240142736486342
15	2	neither	0.7394638667768448
35	14	both	0.5565310472616244
62	11	both	0.530275486559084
46	2	neither	0.7218012736568241
62	6	neither	0.5834744473218926
47	10	both	0.5886990934355251
3	18	neither	0.6820509660049483
64	14	both	0.4616040096943194
34	16	cluster	0.46913184379115186
21	5	neither	0.7081736326261675
27	4	both	0.7133234486655405
41	17	both	0.4893526416983298
69	14	neither	0.2971399056997929
64	18	both	0.36101175355454657
19	7	both	0.6845349614299375
34	8	neither	0.6209719356353408
40	14	cluster	0.47131747625652337
15	17	neither	0.5859832593094708
57	11	neither	0.45324566242878644
68	13	neither	0.3283500615942379
63	12	both	0.4842442071199344
20	5	neither	0.7092428706819406
65	11	neither	0.41957204251438374
33	19	neither	0.4574403316316264
2	4	neither	0.7357233674975169
1	16	neither	0.7242768124304686
24	3	cluster	0.7200594862526132
35	16	both	0.5313307771851676
47	9	both	0.6086464370696332
40	16	neither	0.4411523070056216
28	6	cluster	0.673471244224477
37	4	both	0.7107085087541414
36	11	cluster	0.5535188520139389
1	17	cluster	0.7313923343559953
68	17	cluster	0.16773887860478132
15	3	cluster	0.7251086037058515
48	19	neither	0.32862095406890607
56	2	both	0.7367703787657317
39	8	neither	0.6158014539075306
30	16	cluster	0.5045817880277109
18	10	neither	0.6548570991816953
64	12	both	0.4761404113534497
29	15	both	0.571022272113142
64	8	neither	0.5159532804421181
37	13	neither	0.5178759390526319
11	18	both	0.6141161706579691
23	2	both	0.7340963455806637
40	6	neither	0.643388772965496
15	6	cluster	0.700084965684997
21	3	neither	0.7239364175698262
44	4	cluster	0.6705090837826405
65	19	neither	0.16873647809785217
66	14	cluster	0.2706587025133095
31	15	cluster	0.5171759978820838
36	16	both	0.5245632567124654
19	10	cluster	0.638950739288256
6	4	neither	0.737125793411528
47	5	both	0.6899478835714516
66	10	cluster	0.4177898964150136
8	6	cluster	0.7221424555425858
25	7	neither	0.6669120152652441
60	8	neither	0.5271611316177668
25	15	both	0.5822700300096832
67	7	both	0.6112177601864863
9	18	both	0.6236939597849137
53	9	cluster	0.5229070796537488
61	3	cluster	0.6617216970543396
49	16	neither	0.37629315572369004
0	4	both	0.7272148760475547
26	2	neither	0.7377472805754594
22	17	both	0.5793468634247242
44	12	cluster	0.4841170847729095
12	17	cluster	0.6025120568740172
46	8	both	0.6249367171832185
65	18	cluster	0.21758559975107486
38	2	both	0.7400889401571351
11	8	both	0.6907229092348822
9	18	cluster	0.6166973568233834
55	2	neither	0.7085811729161086
52	14	cluster	0.3814063882865205
67	4	neither	0.6244099492984848
19	19	cluster	0.5432706692257311
30	2	cluster	0.7382567659585787
60	17	cluster	0.267498820790529
7	5	neither	0.7295860123629997
16	10	neither	0.6615633355679139
3	9	both	0.7244492117605029
54	9	cluster	0.5171813996868186
47	8	neither	0.5792488050458359
1	8	both	0.7398245410679227
30	11	neither	0.5970776705449927
10	8	cluster	0.6985501386943562
48	3	cluster	0.6858817929104587
59	11	both	0.5262344168628984
28	16	neither	0.5216875647147915
16	5	both	0.7086246257115445
65	4	cluster	0.6215662349741234
10	5	cluster	0.7240505423025906
29	19	both	0.5241057598922215
41	12	cluster	0.5037333258772054
69	17	both	0.37206523583127643
0	9	cluster	0.7272148760475547
13	17	neither	0.6038450364490513
36	13	cluster	0.5128135888980052
35	3	both	0.7250016356833173
34	13	neither	0.5336224121166058
25	17	cluster	0.5285916427886601
10	11	both	0.6692416103365032
7	5	both	0.727867744363131
28	18	neither	0.5038848857120501
0	13	cluster	0.7272148760475547
67	10	neither	0.44008585602032824
3	16	cluster	0.7034070967747308
63	10	both	0.5381349041097161
46	14	both	0.5271099526835907
35	8	neither	0.6243683772975509
65	7	cluster	0.5314504886068666
49	12	both	0.5383621518165004
2	11	neither	0.717791106595257
29	7	neither	0.6597763763898972
49	17	both	0.4642006955762125
18	2	cluster	0.7409589547570556
11	18	cluster	0.6067362512543458
59	13	neither	0.39225673139577744
58	19	neither	0.24649352509412495
20	17	neither	0.5662556848682081
27	18	cluster	0.4995280172410266
30	2	neither	0.7363829486490936
2	7	neither	0.725665140431116
66	8	neither	0.5165892910981881
26	7	cluster	0.6646925281059171
23	18	both	0.5712457786887543
49	12	cluster	0.4568639172152578
68	5	cluster	0.5975691256843116
26	14	both	0.5991131033340615
30	9	both	0.6473148769054715
19	19	both	0.5668798624230326
42	7	neither	0.6227606973902596
32	10	neither	0.5910961379874866
29	2	both	0.7389265692822397
29	11	cluster	0.5866524069387088
11	5	neither	0.7200393404926267
38	14	both	0.5487763300030067
46	4	both	0.7022418490579413
40	4	cluster	0.6776843043467712
37	6	neither	0.6530234337798453
16	6	both	0.6958442012955596
15	17	cluster	0.5903438077972759
60	2	both	0.7345790964421474
38	8	cluster	0.5905896071331876
24	12	both	0.6131885770428067
50	14	both	0.5013680553849038
11	9	neither	0.6780613933690444
11	12	neither	0.6613777978533467
29	12	neither	0.580914734241705
57	16	both	0.41811761837595357
48	5	cluster	0.6540456371028913
28	13	cluster	0.5526339272003377
61	6	cluster	0.5817357538990107
19	2	both	0.7351304764018983
64	2	both	0.7315293274627288
25	14	neither	0.5697540299913629
65	14	cluster	0.3014880654580384
58	10	neither	0.48197670173099094
36	15	neither	0.48679828180645707
45	5	cluster	0.6576877646246049
35	16	cluster	0.4717104946751701
20	15	both	0.5969276617567594
18	13	both	0.6219791957600762
49	14	neither	0.4206146192073246
36	17	neither	0.4687905483909572
29	14	neither	0.5488161193043625
55	6	both	0.6524110994538445
15	6	both	0.6975140881972222
24	12	cluster	0.5930487473683989
3	17	cluster	0.6961926120300966
46	4	neither	0.6705584772735357
57	16	cluster	0.29304572333134
44	14	neither	0.45720275622713064
13	4	cluster	0.7203249840035456
61	8	both	0.5910029698012672
42	16	both	0.5037158273182739
50	19	both	0.4340750836309642
1	6	both	0.7406480828837838
63	7	both	0.6189353872546625
49	15	neither	0.39802914284745594
8	7	neither	0.7152197777475165
29	19	neither	0.4800398792367887
60	10	cluster	0.4630702738296863
38	5	cluster	0.6725944207433046
57	4	neither	0.6465214586343307
14	4	neither	0.7233599290459595
39	5	cluster	0.6706531867710649
48	4	cluster	0.663953544604568
29	17	neither	0.5103501101871531
17	9	cluster	0.6669618555330655
13	12	cluster	0.6416849601521285
45	18	both	0.46259162742522414
47	6	cluster	0.6205976070339668
55	18	both	0.40856878662743173
9	7	neither	0.7094902650583751
13	15	both	0.6312102294414296
30	17	cluster	0.4897305148782742
52	15	neither	0.3623264367364992
52	15	cluster	0.374653184872702
7	14	both	0.6718542657939389
66	8	both	0.5827504185285807
63	19	neither	0.2234920248386346
13	11	both	0.6670390419854358
15	9	both	0.6744731486563881
5	14	neither	0.6813057042722264
42	2	cluster	0.7280858465915153
36	9	both	0.6408964989267766
28	15	both	0.5737661235847049
47	4	neither	0.670066652955326
39	3	both	0.7250322037249584
15	10	neither	0.6588729318725445
57	5	neither	0.6310704598445097
66	11	neither	0.40444474488759047
24	7	cluster	0.6676420790613055
35	9	neither	0.602347704848582
25	10	neither	0.6353160857397632
61	14	cluster	0.3380185294156445
26	6	neither	0.680187484408897
58	18	cluster	0.2431551476387292
1	7	neither	0.7332487942188599
47	8	cluster	0.5708056752840546
40	6	cluster	0.6400985101991863
61	3	neither	0.6677285430065114
10	3	both	0.7275599626150238
38	17	cluster	0.4416540169039051
29	2	cluster	0.7392597635682405
57	14	neither	0.3771255909838514
61	2	cluster	0.7028542672139667
25	12	both	0.614937247670259
53	2	both	0.7382130727263455
36	17	both	0.5145802614359879
10	3	cluster	0.7325763235832383
12	3	cluster	0.7305884165935327
51	11	cluster	0.47214467171606256
44	12	neither	0.5069445627045145
5	8	neither	0.7172207496557103
19	6	cluster	0.6931726235176328
42	15	both	0.5164889183567374
12	3	neither	0.7322672659243287
60	5	neither	0.6217252323807888
4	14	neither	0.6941293056503289
16	2	neither	0.7395045294906737
37	13	cluster	0.5220337346456817
56	9	neither	0.5153185489089676
53	14	neither	0.40674675978746927
35	17	both	0.5202604659857758
41	19	neither	0.3842747227494569
63	8	neither	0.5194523894448492
32	18	both	0.5207050861631037
19	13	cluster	0.6028729940845886
7	14	neither	0.6677558776370767
50	11	both	0.561011121046333
22	6	both	0.6941413033863804
22	15	cluster	0.5644254212013757
46	19	cluster	0.3256012754894053
11	2	both	0.7344072511032277
34	18	neither	0.4550887370521041
32	7	both	0.6744230111911674
33	5	both	0.7045142150325033
40	7	cluster	0.619608747328477
25	7	cluster	0.6605262206063706
33	12	neither	0.5737019326864886
6	16	cluster	0.6624773623322253
10	5	neither	0.7211717163143813
20	3	both	0.7174355788861942
33	18	neither	0.45444984040170766
12	12	cluster	0.6436957245889031
65	17	neither	0.23789348969164242
48	6	cluster	0.6167973119254359
15	4	cluster	0.7159029635591695
43	17	both	0.479435106935346
42	5	cluster	0.6631507964403498
38	10	cluster	0.5670420512270181
14	10	neither	0.6732056185725025
21	19	neither	0.5396318415697334
38	5	neither	0.6791968327280754
40	16	cluster	0.4299557548386694
27	4	neither	0.7076008543800031
12	8	both	0.68552582957271
48	15	neither	0.410311998524444
23	10	neither	0.631087275240553
51	9	neither	0.5327006488990508
23	7	both	0.6852374012327058
34	6	both	0.6877214589912908
42	6	cluster	0.633944298857543
54	18	neither	0.29146251789364747
36	3	cluster	0.704629878302051
10	5	both	0.7160914729527141
66	4	both	0.6811594455988214
19	3	both	0.7154593269445003
35	16	neither	0.4805897150442378
12	19	neither	0.5919515304298469
58	12	cluster	0.39375752249865076
59	17	neither	0.27445277251585065
47	2	neither	0.7221977894042316
30	3	cluster	0.7146636979998721
63	16	cluster	0.25887479170023603
35	13	neither	0.5226068371942637
3	6	cluster	0.7332674240576973
27	12	cluster	0.5871717773489411
24	15	cluster	0.5566973481487032
65	11	both	0.5037187835964073
50	18	neither	0.32405490795354075
63	14	cluster	0.3135939575624861
4	3	both	0.7333137385274019
56	6	both	0.6538464808272861
9	12	neither	0.6741696864643935
58	7	neither	0.5731838750886512
10	19	both	0.6175415128527819
11	10	both	0.6778902596869979
37	18	cluster	0.4226644230148521
7	10	cluster	0.6985812752100167
8	8	both	0.6971517577755308
20	6	cluster	0.690304109508187
9	12	cluster	0.6648446244815439
42	6	both	0.677148422363207
58	11	cluster	0.44597225405450464
48	10	cluster	0.5175129841164641
59	8	cluster	0.5130857623793509
61	16	neither	0.27348505649915383
51	12	neither	0.47211644539063086
40	11	cluster	0.5329363048572211
0	11	neither	0.7272148760475547
3	4	both	0.737898495594194
59	11	cluster	0.42229152650414564
59	17	cluster	0.27681746398110585
60	3	cluster	0.6640902535071881
0	19	both	0.7272148760475547
59	8	neither	0.5347524669740011
67	19	cluster	0.1600641821454478
8	16	neither	0.640979204303022
12	14	neither	0.6359391217557097
51	10	neither	0.523140147731532
28	9	cluster	0.6143040827940236
22	16	neither	0.5606134476555659
52	16	both	0.46790526173099506
33	8	cluster	0.6150664006748381
54	2	neither	0.710042639931169
31	11	both	0.6104032993742843
11	17	cluster	0.6034492334220867
62	2	neither	0.6993935761594215
47	2	cluster	0.7224737965362312
45	2	neither	0.7223869235178701
30	11	neither	0.5838847299947255
45	6	both	0.6726155285820331
22	12	both	0.6207296817597874
52	5	neither	0.6435911517580374
23	10	cluster	0.6263529279821619
52	16	neither	0.34723584364927257
53	6	cluster	0.6024106794317258
32	18	cluster	0.45821078899162343
28	2	neither	0.7371480163234773
25	5	cluster	0.7023583409993551
22	19	neither	0.518868394961869
40	19	neither	0.40187647282285477
5	16	neither	0.6685508317630442
59	4	cluster	0.6321554752329241
53	6	neither	0.6073777542347946
45	17	neither	0.3963719186209744
29	17	both	0.5469547971996102
14	13	neither	0.6320480897211889
61	7	neither	0.563260221355705
12	2	cluster	0.7427011762023076
17	3	neither	0.727877097998643
46	7	cluster	0.5975820896886522
0	11	both	0.7272148760475547
8	5	both	0.7195432696143362
33	7	neither	0.6465225055284326
13	5	both	0.7106642594229865
